pair_id,LIFNR_A,LIFNR_B,name_A,address_A,city_A,state_A,zip5_A,name_B,address_B,city_B,state_B,zip5_B,score,label,notes
H001,0000113656,0000116233,"LEIDOS, INC.",1750 PRESIDENTS ST FL 10,RESTON,VA,20190,"LEIDOS, INC.",1750 PRESIDENTS ST,RESTON,VA,20190,100.0,duplicate,"same company, same building"
H002,0000110508,0000110510,NATIVE VILLAGE OF TUNUNAK,77 MAIN STREET,TUNUNAK,AK,99681,NATIVE VLG TNNAK TUNUNAK NATIV,PO BOX 77,TUNUNAK,AK,99681,66.4,duplicate,"abbreviated name, same village"
H003,0000112358,0000112361,NATIVE VILLAGE OF NUNAPITCHUK,103 JOHNSONS LOOP,NUNAPITCHUK,AK,99641,NUNAPITCHUK NATIVE IRA COUNCIL,PO BOX 130,NUNAPITCHUK,AK,99641,71.1,duplicate,IRA council governs the village
H004,0000114101,0000114102,NATIONAL COAL HERITAGE AREA AUTHORITY,100 KELLY AVE,OAK HILL,WV,25901,NATIONAL COAL HERITAGE AREA COMMISSION,1900 KANAWHA BLVD E BLDG 9,CHARLESTON,WV,25305,76.2,unsure,"authority vs commission, 2 cities"
H005,0000111070,0000114380,"INDIAN AFFAIRS, BUREAU OF",NAVAJO ROUTE #4,PINON,AZ,86510,"INDIAN AFFAIRS, BUREAU OF",7268 INDIAN CIRCLE,FORT TOTTEN,ND,58335,91.9,duplicate,same federal bureau
H006,0000105210,0000111066,"REGENTS OF THE UNIVERSITY OF CALIFORNIA,",1608 4TH ST STE 220,BERKELEY,CA,94710,REGENTS OF THE UNIVERSITY OF CALIFORNIA ,200 UNIVERSTY OFC BUILDING,RIVERSIDE,CA,92521,93.4,duplicate,"same Regents, two campuses"
H007,0000106069,0000109907,NATIVE VILLAGE OF GAKONA,PO BOX 102,GAKONA,AK,99586,NATIVE VILLAGE OF SAVOONGA,PO BOX 120,SAVOONGA,AK,99769,88.2,not_duplicate,different villages
H008,0000106056,0000107610,RUSH TRUCK CENTERS OF UTAH INC,964 S 3800 W,SALT LAKE CITY,UT,84104,"RUSH TRUCK CENTERS OF IDAHO, INC.",537 ARLEN DR,JEROME,ID,83338,85.1,related,sister subsidiaries by state
H009,0000110548,0000110549,LACKAWANNA COUNTY GOVERNMENT,213 S 7TH AVE,SCRANTON,PA,18505,LACKAWANNA HERITAGE VALLEY AUTHORITY,213 S 7TH AVE,SCRANTON,PA,18505,58.1,related,county vs authority it houses
H010,0000110905,0000110906,CLEVELAND METROPARKS,4101 FULTON PKWY,CLEVELAND,OH,44144,CLEVELAND METROPOLITAN PARK DISTRICT,4101 FULTON PKWY,CLEVELAND,OH,44144,87.0,duplicate,Metroparks is the district
H011,0000101193,0000104156,REED RANCH LLC,2881 GRANDVIEW AVE,PAWHUSKA,OK,74056,"REED FAMILY RANCH, L.L.C",1500 GRANDVIEW AVE,PAWHUSKA,OK,74056,85.3,unsure,"similar ranch names, same road"
H012,0000117549,0000117550,"ASPEN CRM SOLUTIONS, INC.",6 HERRADA WAY,SANTA FE,NM,87508,ASPEN CULTURAL RESOURCE MANAGEMENT SOLUT,6 HERRADA WAY,SANTA FE,NM,87508,87.0,duplicate,CRM = cultural resource mgmt
H013,0000100786,0000108327,THERMO ELECTRON NORTH AMERICA LLC,1400 NORTHPOINT PKWY STE 10,WEST PALM BEACH,FL,33407,THERMO ELECTRON NORTH AMERICA LLC,5225 VERONA RD,FITCHBURG,WI,53711,92.4,duplicate,"same company, two sites"
H014,0000100001,0000107081,CUMMINS INC.,1800 FRYAR AVE,SUMNER,WA,98390,CUMMINS INC.,7401 CHURCH RANCH BLVD UNIT 206,BROOMFIELD,CO,80021,93.1,duplicate,"same company, two sites"
H015,0000102222,0000103825,AMERITEL COMMUNICATIONS CORPORATION,15010 BROSCHART RD,ROCKVILLE,MD,20850,AMERITEL COMMUNICATIONS CORP,7361 CALHOUN PL,ROCKVILLE,MD,20855,93.0,duplicate,"same company, moved"
H016,0000108503,0000116323,"CHEROKEE NATION 3S, L.L.C.",2 W. 2ND ST,TULSA,OK,74103,"CHEROKEE NATION INTEGRATED HEALTH, L.L.C",2 W. 2ND ST,TULSA,OK,74103,87.0,related,sister tribal companies
H017,0000102906,0000107444,FEDERAL EXPRESS CORPORATION,3610 HACKS CROSS RD,MEMPHIS,TN,38125,FEDERAL EXPRESS CORPORATION,900 7TH ST NW,WASHINGTON,DC,20001,92.5,duplicate,same company
H018,0000116170,0000117107,UNIVERSITY OF HAWAII,91-1001 FARRINGTON HWY,KAPOLEI,HI,96707,UNIVERSITY OF HAWAII,2444 DOLE ST # 202,HONOLULU,HI,96822,92.6,duplicate,"same university, two campuses"
H019,0000104178,0000111420,"WASTE MANAGEMENT OF UTAH, INC.",2433 S 2050 W,OGDEN,UT,84401,"WASTE MANAGEMENT, INC.",1001 FANNIN ST STE 4000,HOUSTON,TX,77002,89.4,related,subsidiary vs parent
H020,0000109933,0000116998,UNIVERSITY OF MASSACHUSETTS LOWELL,220 PAWTUCKET ST STE 400,LOWELL,MA,01854,UNIVERSITY OF MASSACHUSETTS,COMMONWEALTH AVE,AMHERST,MA,01003,87.5,related,campus vs system
H021,0000108277,0000108278,SLEET MUTE TRADITIONAL COUNCIL,PO BOX 109,SLEETMUTE,AK,99668,VILLAGE OF SLEETMUTE,PO BOX 109,SLEETMUTE,AK,99668,58.6,duplicate,"council governs village, same PO box"
H022,0000113294,0000113296,CONFEDERATED TRIBES AND BANDS OF THE YAK,401 FORT RD,TOPPENISH,WA,98948,YAKAMA TRIBAL COUNCIL,401 FORT RD,TOPPENISH,WA,98948,53.3,duplicate,tribal council = tribe
H023,0000106099,0000106100,"GANNETT FLEMING, INC.",207 SENATE AVENUE,CAMP HILL,PA,17011,"GFT INFRASTRUCTURE, INC.",300 STERLING PKWY STE 200,MECHANICSBURG,PA,17050,45.8,unsure,"possible rename, different address"
H024,0000100657,0000100658,THYSSENKRUPP ELEVATOR CORPORATION,4355 EXCEL PKWY STE 800,ADDISON,TX,75001,TK ELEVATOR CORPORATION,4355 EXCEL PKWY STE 800,ADDISON,TX,75001,87.0,duplicate,renamed to TK Elevator
H025,0000109385,0000117794,"ALLIANT INSURANCE SERVICES, INC.",18100 VON KARMAN AVE STE 1000,IRVINE,CA,92612,"REAGENT WORLD, INC.",18401 VON KARMAN AVE STE 360,IRVINE,CA,92612,85.0,not_duplicate,different companies
H026,0000117386,0000118866,"CLOVERDALE, CITY OF",124 N CLOVERDALE BLVD,CLOVERDALE,CA,95425,CLOVERDALE RANCHERIA OF POMO INDIANS OF,555 S CLOVERDALE BLVD,CLOVERDALE,CA,95425,85.3,not_duplicate,city vs rancheria
H027,0000105089,0000114723,TUKNIK GOVERNMENT SERVICES LLC,3800 CENTERPOINT DR STE 700,ANCHORAGE,AK,99503,"KADIAK, LLC",3800 CENTERPOINT DR STE 502,ANCHORAGE,AK,99503,86.2,not_duplicate,"different companies, same building"
H028,0000109659,0000113608,NATIVE VILLAGE OF PORT HEIDEN,PO BOX 49007,PORT HEIDEN,AK,99549,VILLAGE OF ANIAK,PO BOX 349,ANIAK,AK,99557,85.1,not_duplicate,different villages
H029,0000104828,0000118849,"EUROFINS ENVIRONMENT TESTING SOUTHEAST, ",5012 LA ROCHE AVENUE,SAVANNAH,GA,31404,"EUROFINS ENVIRONMENT TESTING NORTHEAST, ",10 HAZELWOOD DR,AMHERST,NY,14228,89.0,related,regional subsidiaries
H030,0000118172,0000118174,ALABAMA DEPARTMENT OF LABOR,649 MONROE ST,MONTGOMERY,AL,36131,ALABAMA DEPARTMENT OF WORKFORCE,649 MONROE ST,MONTGOMERY,AL,36131,84.8,unsure,possible department rename
H031,0000101954,0000108212,NAVAJO NATION TRIBAL GOVERNMENT,PO BOX 1875,WINDOW ROCK,AZ,86515,NAVAJO NATION TRIBAL GOVERNMENT,100 PARKWAY,WINDOW ROCK,AZ,86515,93.2,duplicate,same tribe
H032,0000102906,0000107445,FEDERAL EXPRESS CORPORATION,3610 HACKS CROSS RD,MEMPHIS,TN,38125,FEDERAL EXPRESS CORPORATION,900 7TH ST NW STE 550,WASHINGTON,DC,20001,92.5,duplicate,same company
H033,0000102312,0000105718,STANTEC CONSULTING SERVICES INC.,2353 130TH AVE NE STE 200,BELLEVUE,WA,98005,STANTEC CONSULTING SERVICES INC.,370 INTERLOCKEN BLVD STE 200,BROOMFIELD,CO,80021,95.7,duplicate,same company
H034,0000112270,0000112271,UNIVERSITY OF HAWAII,2425 CAMPUS RD SINCLAIR RM 1,HONOLULU,HI,96822,UNIVERSITY OF HAWAII SYSTEMS,2425 CAMPUS RD SINCLAIR RM 1,HONOLULU,HI,96822,95.5,duplicate,same university
H035,0000103325,0000118364,"INDIAN AFFAIRS, BUREAU OF",2600 LAKEVIEW DR,MANY FARMS,AZ,86538,INDIAN AFFAIRS BUREAU OF,17 N FORK RD,FORT WASHAKIE,WY,82514,92.1,duplicate,same federal bureau
H036,0000100265,0000100266,WOOD ENVIRONMENT & INFRASTRUCTURE SOLUTI,751 ARBOR WAY STE 180,BLUE BELL,PA,19422,WSP USA ENVIRONMENT & INFRASTRUCTURE INC,751 ARBOR WAY,BLUE BELL,PA,19422,82.0,duplicate,renamed after acquisition
H037,0000107027,0000112732,"PAPE' MACHINERY, INC.",91355 KOMOHANA PL,KAPOLEI,HI,96707,"PAPE' MACHINERY, INC.",8621 S EL DORADO ST,FRENCH CAMP,CA,95231,93.3,duplicate,same company
H038,0000105505,0000118360,"MOTION INDUSTRIES, INC.",6410 NE JACOBSON ST,HILLSBORO,OR,97124,"MOTION INDUSTRIES, INC.",1605 ALTON RD,BIRMINGHAM,AL,35210,94.4,duplicate,same company
H039,0000101121,0000113018,"GEOSYNTEC CONSULTANTS, INC",1255 ROBERTS BLVD NW STE 200,KENNESAW,GA,30144,"GEOSYNTEC CONSULTANTS,INC.",777 YAMATO RD STE 600,BOCA RATON,FL,33431,94.1,duplicate,same company
H040,0000108856,0000112280,LINCOLN CONSERVATION DISTRICT,110 PINE ST,COKEVILLE,WY,83114,LINCOLN COUNTY CONSERVATION DISTRICT,360 LINCOLN ST,CALIENTE,NV,89008,91.1,not_duplicate,"different districts, different states"
H041,0000105213,0000105214,KNIGHT VETERINARY CLINIC,220 ELMCREST ST,MOUNTAIN HOME,ID,83647,"KNIGHT VETERINARY CLINIC, LLP",220 ELMCREST ST,MOUNTAIN HOME,ID,83647,95.5,duplicate,suffix only
H042,0000101956,0000108213,"NAVAJO NATION TRIBAL GOVERNMENT, THE",WINDOW ROCK BLVD BLDG NO W008 105,WINDOW ROCK,AZ,86515,"NAVAJO NATION TRIBAL GOVERNMENT, THE",2 MILES N OF HWY 264,WINDOW ROCK,AZ,86515,92.6,duplicate,same tribe
H043,0000104778,0000117143,COUNTY OF LINCOLN,300 CENTRAL AVE,CARRIZOZO,NM,88301,COUNTY OF LINCOLN,103 3RD AVE,HUGO,CO,80821,95.4,not_duplicate,different counties
H044,0000105119,0000112495,NATIVE VILLAGE OF BUCKLAND,PO BOX 67,BUCKLAND,AK,99727,ALATNA VILLAGE,PO BOX 70,ALLAKAKET,AK,99720,85.8,not_duplicate,different villages
H045,0000112498,0000112499,CONCORD PERSONNEL SERVICES INCORPORATED,309 EBENEZER RD,KNOXVILLE,TN,37923,"CONCORD PROFESSIONAL SERVICES, INC.",309 EBENEZER RD,KNOXVILLE,TN,37923,87.1,unsure,"similar names, same address"
H046,0000100852,0000100853,PASSAMAQUODDY TRIBE,22 BAYVIEW DR,PERRY,ME,04667,PLEASANT POINT INDIAN RESERVATION,15 ELDERS WAY STE 201,PERRY,ME,04667,35.3,duplicate,Pleasant Point is the Passamaquoddy reservation
H047,0000109606,0000114037,"LUMEN TECHNOLOGIES GOVERNMENT SOLUTIONS,",931 14TH STE 1000 B,DENVER,CO,80202,"LUMEN TECHNOLOGIES GOVERNMENT SOLUTIONS,",4250 N FAIRFAX DR,ARLINGTON,VA,22203,92.2,duplicate,same company
H048,0000102311,0000105720,STANTEC CONSULTING SERVICES INC,1687 114TH AVE SE STE 100,BELLEVUE,WA,98004,STANTEC CONSULTING SERVICES INC.,410 17TH ST STE 1400,DENVER,CO,80202,96.7,duplicate,same company
H049,0000102477,0000109559,"LEIDOS, INC.",1750 PRESIDENTS ST.,RESTON,VA,20190,"LEIDOS, INC.",10260 CAMPUS POINT DR,SAN DIEGO,CA,92121,94.1,duplicate,same company
H050,0000100940,0000116926,CITY OF ASHLAND,20 E MAIN ST,ASHLAND,OR,97520,CITY OF ASHLAND,601 MAIN ST W,ASHLAND,WI,54806,98.0,not_duplicate,different cities
H051,0000105316,0000119414,NATIVE VILLAGE OF VENETIE TRIBAL GOVERNM,PO BOX 81080,VENETIE,AK,99781,NATIVE VILLAGE OF TYONEK,PO BOX 82009,TYONEK,AK,99682,85.3,not_duplicate,different villages
H052,0000112586,0000112587,CHICKEN RANCH RANCHERIA,9195 RED TAIL HAWK RD,JAMESTOWN,CA,95327,CHICKEN RANCH RANCHERIA OF ME-WUK INDIAN,9195 TRIBAL WAY,JAMESTOWN,CA,95327,85.4,duplicate,same rancheria
H053,0000102395,0000106156,"WASTE MANAGEMENT OF COLORADO, INC.",7780 E 96TH AVE,COMMERCE CITY,CO,80640,"WASTE MANAGEMENT OF COLORADO, INC.",321 E BYERS AVE,HOT SULPHUR SPRINGS,CO,80451,95.0,duplicate,same company
H054,0000105108,0000114598,REGENTS OF THE UNIVERSITY OF MICHIGAN,1109 GEDDES AVE STE 3300,ANN ARBOR,MI,48109,REGENTS OF THE UNIVERSITY OF MICHIGAN,4901 EVERGREEN RD,DEARBORN,MI,48128,94.4,duplicate,same Regents
H055,0000117451,0000117453,AHTNA TAENE NENE,MP 111 5 RICHARDSON HWY,COPPER CENTER,AK,99573,COPPER RIVER NATIVE ASSOCIATION,MILE 111.5 RICHARDSON HWY,GLENNALLEN,AK,99588,42.6,unsure,"different names, same highway mile"
H056,0000100264,0000100265,AMEC FOSTER WHEELER ENVIRONMENT & INFRAS,"751 ARBOR WAY, STE 180",BLUE BELL,PA,19422,WOOD ENVIRONMENT & INFRASTRUCTURE SOLUTI,751 ARBOR WAY STE 180,BLUE BELL,PA,19422,59.5,duplicate,renamed after acquisition
H057,0000104870,0000112388,BLH TECHNOLOGIES INC,1803 RESEARCH BLVD,ROCKVILLE,MD,20850,"WESTAT, INC.",1600 RESEARCH BLVD,ROCKVILLE,MD,20850,85.8,not_duplicate,different companies
H058,0000106988,0000106990,BOOZ ALLEN HAMILTON INC,8283 GREENSBORO DR,MC LEAN,VA,22102,BOOZ ALLEN HAMILTON INCORPORATED (3626),8283 GREENSBORO DR,MC LEAN,VA,22102,95.5,duplicate,same company
H059,0000115657,0000115658,FEDERAL CONTRACTS CORP,12918 N NEBRASKA AVE,TAMPA,FL,33612,FEDERAL CONTRACTS LLC,12918 N NEBRASKA AVE,TAMPA,FL,33612,89.5,duplicate,"entity type change, same address"
H060,0000105614,0000108951,"PAPE MACHINERY, INC",1906 S MAIN ST,MOSCOW,ID,83843,"PAPE' MACHINERY, INC.",43510 OSGOOD RD,FREMONT,CA,94539,93.4,duplicate,same company
H061,0000105295,0000119477,"APERTURE FEDERAL, LLC",2553 DULLES VIEW DR # 700,HERNDON,VA,20171,"TALU, LLC",2553 DULLES VIEW DR STE 700,HERNDON,VA,20171,87.0,not_duplicate,"different companies, same suite"
H062,0000108778,0000111061,MESCALERO APACHE TRIBE,101 CENTRAL AVE,MESCALERO,NM,88340,MESCALERO APACHE TRIBE,108 OLD MESCALERO BLVD,MESCALERO,NM,88340,94.9,duplicate,same tribe
H063,0000107545,0000110414,EGEGIK VILLAGE,PO BOX 29,EGEGIK,AK,99579,NATIVE VILLAGE OF CHITINA,PO BOX 94,CHITINA,AK,99566,85.8,not_duplicate,different villages
H064,0000105155,0000105156,"D B I WASTE SYSTEMS, INC.",377 THIRD ST,EVERETT,MA,02149,DBI WASTE SYSTEMS INC,377 3RD ST,EVERETT,MA,02149,94.1,duplicate,spacing only
H065,0000105016,0000114599,COUNTY OF BEAVERHEAD,420 BARRETT ST,DILLON,MT,59725,COUNTY OF BEAVERHEAD,2 S PACIFIC ST STE 3,DILLON,MT,59725,94.1,duplicate,same county
H066,0000101925,0000101926,OHIO HISTORY CONNECTION,800 E 17TH AVE,COLUMBUS,OH,43211,THE OHIO HISTORICAL SOCIETY,800 E 17TH AVE,COLUMBUS,OH,43211,68.7,duplicate,renamed 2014
H067,0000100583,0000103128,"ADVANCED COMPUTER CONCEPTS, INC.",7927 JONES BRANCH DR,MC LEAN,VA,22102,ENQUIZIT INCORPORATED,7927 JONES BRANCH DR STE 400,MCLEAN,VA,22102,87.0,not_duplicate,"different companies, same building"
H068,0000112111,0000114036,"LUMEN TECHNOLOGIES GOVERNMENT SOLUTIONS,",1801 CALIFORNIA ST STE 5100,DENVER,CO,80202,"LUMEN TECHNOLOGIES GOVERNMENT SOLUTIONS,",931 14TH ST,DENVER,CO,80202,93.2,duplicate,same company
H069,0000107233,0000107234,THYSSENKRUPP ELEVATOR CORPORATION,3005 CHASTAIN MEADOWS PKWY STE 100,MARIETTA,GA,30066,TK ELEVATOR CORP,2260 NORTHWEST PKWY SE,MARIETTA,GA,30067,81.8,duplicate,renamed to TK Elevator
H070,0000113372,0000113373,FORT INDEPENDENCE INDIAN COMMUNITY OF PA,131 N HWY 395,INDEPENDENCE,CA,93526,THE FORT INDEPENDENCE INDIAN COMMUNITY O,131 N HWY 395,INDEPENDENCE,CA,93526,95.3,duplicate,same tribe
H071,0000108119,0000115189,BIO RAD LABORATORIES INC,4000 ALFRED NOBEL DR,HERCULES,CA,94547,"BIO-RAD LABORATORIES, INC.",2000 ALFRED NOBEL DR,HERCULES,CA,94547,99.5,duplicate,same company
H072,0000101102,0000107027,"PAPE' MACHINERY, INC",2504 TALLEY WAY,KELSO,WA,98626,"PAPE' MACHINERY, INC.",91355 KOMOHANA PL,KAPOLEI,HI,96707,92.5,duplicate,same company
H073,0000106132,0000109102,LIME VILLAGE TRADITIONAL COUNCIL,100 MAIN ST,MC GRATH,AK,99627,TUNUNAK IRA COUNCIL,29 MAIN STREET,TUNUNAK,AK,99681,85.2,not_duplicate,different villages
H074,0000101806,0000105084,THE RESEARCH FOUNDATION FOR THE STATE UN,7060 STATE RTE 104,OSWEGO,NY,13126,THE RESEARCH FOUNDATION FOR THE STATE UN,35 STATE ST,ALBANY,NY,12207,96.2,duplicate,same RF SUNY
H075,0000109591,0000110798,JACOBS ENGINEERING GROUP INC.,1100 NORTH GLEBE RD STE 500,ARLINGTON,VA,22201,JACOBS ENGINEERING GROUP INC.,1999 BRYAN ST STE 1200,DALLAS,TX,75201,95.3,duplicate,same company
H076,0000103380,0000107610,"RUSH TRUCK CENTERS OF IDAHO, INC.",770 WEST AMITY RD,BOISE,ID,83705,"RUSH TRUCK CENTERS OF IDAHO, INC.",537 ARLEN DR,JEROME,ID,83338,93.8,duplicate,same company
H077,0000105084,0000109690,THE RESEARCH FOUNDATION FOR THE STATE UN,35 STATE ST,ALBANY,NY,12207,THE RESEARCH FOUNDATION FOR THE STATE UN,520 LEE ENTRANCE STE 211,BUFFALO,NY,14228,94.0,duplicate,same RF SUNY
H078,0000112270,0000117107,UNIVERSITY OF HAWAII,2425 CAMPUS RD SINCLAIR RM 1,HONOLULU,HI,96822,UNIVERSITY OF HAWAII,2444 DOLE ST # 202,HONOLULU,HI,96822,93.2,duplicate,same university
H079,0000100487,0000110872,NATIVE VILLAGE OF TAZLINA,PO BOX 87,GLENNALLEN,AK,99588,NATIVE VILLAGE OF UNGA,PO BOX 508,SAND POINT,AK,99661,85.0,not_duplicate,different villages
H080,0000103535,0000108515,BAE SYSTEMS INFORMATION AND ELECTRONIC S,65 SPIT BROOK RD,NASHUA,NH,03060,BAE SYSTEMS INFORMATION AND ELECTRONIC S,600 DISTRICT AVE,BURLINGTON,MA,01803,94.4,duplicate,same company
H081,0000108139,0000116398,MC GRATH NATIVE VILLAGE COUNCIL,PO BOX 134,MC GRATH,AK,99627,KOKHANOK VILLAGE,PO BOX 1045,ILIAMNA,AK,99606,85.5,not_duplicate,different villages
H082,0000106448,0000113543,C EVANS CONSULTING LLC,1900 RESTON METRO PLZ,RESTON,VA,20190,"ICF INCORPORATED, L.L.C.",1902 RESTON METRO PLAZA,RESTON,VA,20190,86.0,not_duplicate,different companies
H083,0000106486,0000109111,"KBR WYLE SERVICES, LLC",7701 GREENBELT RD STE 400,GREENBELT,MD,20770,"KBR WYLE SERVICES, LLC",22309 EXPLORATION DRIVE,LEXINGTON PARK,MD,20653,93.1,duplicate,same company
H084,0000110599,0000117679,UNIVERSITY OF ARKANSAS,1125 W MAPLE ST STE 316,FAYETTEVILLE,AR,72701,UNIVERSITY OF KANSAS,1246 W CAMPUS RD,LAWRENCE,KS,66045,90.8,not_duplicate,different universities
H085,0000109990,0000112208,THE RESEARCH FOUNDATION FOR THE STATE UN,1 FORESTRY DR,SYRACUSE,NY,13210,THE RESEARCH FOUNDATION FOR THE STATE UN,4400 VESTAL PKWY E,BINGHAMTON,NY,13902,93.2,duplicate,same RF SUNY
H086,0000108283,0000114784,"NZINGANET, INC.",500 OFFICE CENTER DR STE 400,FORT WASHINGTON,PA,19034,RED ORANGE NORTH AMERICA INC.,500 W OFFICE CTR DR,FORT WASHINGTON,PA,19034,85.1,not_duplicate,different companies
H087,0000101806,0000111886,THE RESEARCH FOUNDATION FOR THE STATE UN,7060 STATE RTE 104,OSWEGO,NY,13126,RESEARCH FOUNDATION FOR THE STATE UNIVER,1400 WASHINGTON AVE,ALBANY,NY,12222,90.1,duplicate,same RF SUNY
H088,0000111290,0000111505,"ALLIED WASTE SERVICES OF NORTH AMERICA, ",11101 W EXECUTIVE DR,BOISE,ID,83713,"ALLIED WASTE SERVICES OF NORTH AMERICA, ",3326 FITZGERALD RD,RANCHO CORDOVA,CA,95742,92.1,duplicate,same company
H089,0000103699,0000103700,NATURAL RESOURCES WEST VA DIV,324 4TH AVE,SOUTH CHARLESTON,WV,25303,WEST VIRGINIA-DIVISION OF NATURAL RESOUR,112 CALIFORNIA AVE,CHARLESTON,WV,25305,68.7,duplicate,same state division
H090,0000118691,0000118692,"ECS FEDERAL, INC.",2750 PROSPERITY AVE STE 600,FAIRFAX,VA,22031,"ECS FEDERAL, LLC",2750 PROSPERITY AVE STE 600,FAIRFAX,VA,22031,88.0,duplicate,"entity type change, same address"
H091,0000108871,0000110414,NATIVE VILLAGE OF KIANA,PO BOX 69,KIANA,AK,99749,NATIVE VILLAGE OF CHITINA,PO BOX 94,CHITINA,AK,99566,87.6,not_duplicate,different villages
H092,0000118685,0000118686,KALISPEL INDIAN COMMUNITY OF THE KALISPE,1981 N LECLERC RD,USK,WA,99180,KALISPEL TRIBE OF INDIANS,1981 N LECLERC RD,USK,WA,99180,87.0,duplicate,same tribe
H093,0000102758,0000112389,"ECONOMETRICA, INC.",7475 WISCONSIN AVE STE 1000,BETHESDA,MD,20814,"WESTAT, INC.",7501 WISCONSIN AVE STE 1000E,BETHESDA,MD,20814,86.0,not_duplicate,different companies
H094,0000102424,0000103274,INDIAN AFFAIRS BUREAU OF,HWY 160 & WARRIOR DR,TUBA CITY,AZ,86045,"INDIAN AFFAIRS, BUREAU OF",E HWY 160 NAVAJO RTE 59,KAYENTA,AZ,86033,95.8,duplicate,same federal bureau
H095,0000102030,0000102031,"CARSON CITY, NEVADA",201 N CARSON ST STE 3,CARSON CITY,NV,89701,CITY OF CARSON CITY,201 N CARSON ST STE 3,CARSON CITY,NV,89701,85.2,duplicate,same city
H096,0000109379,0000117631,"KONIAG PROFESSIONAL SERVICES, LLC",3800 CENTERPOINT DR STE 700,ANCHORAGE,AK,99503,"STG PACIFIC, LLC",3700 CENTERPOINT DR,ANCHORAGE,AK,99503,85.4,not_duplicate,different companies
H097,0000110712,0000111518,"BRICE SOLUTIONS, LLC",3700 CENTERPOINT DR,ANCHORAGE,AK,99503,"CHUGACH SOLUTIONS ENTERPRISE, LLC",3800 CENTERPOINT DR,ANCHORAGE,AK,99503,86.4,not_duplicate,different companies
H098,0000117534,0000118889,UNIVERSITY OF ILLINOIS,809 S MARSHFIELD AVE M/C 551,CHICAGO,IL,60612,UNIVERSITY OF ILLINOIS,506 S WRIGHT ST,URBANA,IL,61801,93.7,duplicate,same university
H099,0000106487,0000109111,"KBR WYLE SERVICES, LLC",8120 MAPLE LAWN BLVD,FULTON,MD,20759,"KBR WYLE SERVICES, LLC",22309 EXPLORATION DRIVE,LEXINGTON PARK,MD,20653,94.0,duplicate,same company
H100,0000100866,0000105827,"RJS CONSTRUCTION, INC.",1618 RUDKIN RD # B,UNION GAP,WA,98901,"RJS CONSTRUCTION, INC.",7302 S ALTON WAY STE 4-J,CENTENNIAL,CO,80112,91.5,unsure,"same name, distant states"
H101,0000109123,0000109124,UGASHIK TRADITIONAL VILLAGE,2525 BLUEBERRY RD,ANCHORAGE,AK,99503,UGASHIK VILLAGE,2525 BLUEBERRY RD STE 205,ANCHORAGE,AK,99503,87.0,,
H102,0000100695,0000100697,CELLCO PARTNERSHIP,ONE VERIZON WAY,BASKING RIDGE,NJ,07920,CELLCO PARTNERSHIP DBA VERIZON WIRELESS,1 VERIZON WAY,BASKING RIDGE,NJ,07920,90.2,,
H103,0000110959,0000111252,"AT&T ENTERPRISES, LLC",300 NORTH POINT PKWY,ALPHARETTA,GA,30005,"AT&T ENTERPRISES, LLC",4807 STONECROFT BLVD,CHANTILLY,VA,20151,93.3,,
H104,0000101805,0000117774,BOARD OF REGENTS OF NEVADA SYSTEM OF HIG,4505 S MARYLAND PKWY,LAS VEGAS,NV,89154,BOARD OF REGENTS OF NEVADA SYSTEM OF HIG,1664 N VIRGINIA ST,RENO,NV,89557,92.6,,
H105,0000108191,0000108192,ARCTIC VILLAGE COUNCIL,PO BOX 22069,ARCTIC VILLAGE,AK,99722,ARTIC VILLAGE COUNCIL,69 AV CENTRAL LN,ARCTIC VILLAGE,AK,99722,90.8,,
H106,0000106156,0000114294,"WASTE MANAGEMENT OF COLORADO, INC.",321 E BYERS AVE,HOT SULPHUR SPRINGS,CO,80451,"WASTE MANAGEMENT OF COLORADO, INC.",40950 COUNTY ROAD 25,AULT,CO,80610,93.0,,
H107,0000112188,0000118165,RAMAH NAVAJO CHAPTER,422 BIA ROUTE 125,PINEHILL,NM,87357,RAMAH NAVAJO CHAPTER,"HC-61, BOX 13",RAMAH,NM,87321,93.4,,
H108,0000105139,0000115918,"EMPIRE SOUTHWEST, LLC",1725 S COUNTRY CLUB DR,MESA,AZ,85210,"EMPIRE SOUTHWEST, LLC",3300 SAINT ROSE PKWY,HENDERSON,NV,89052,92.9,,
H109,0000109231,0000109232,"LADY, LARRY",15221 MIDLAND DR,SHAWNEE,KS,66217,LARRY LADY,13840 METCALF AVENUE,OVERLAND PARK,KS,66223,88.5,,
H110,0000102050,0000107080,CUMMINS INC.,500 JACKSON ST,COLUMBUS,IN,47201,CUMMINS INC.,7401 CHURCH RANCH BLVD STE 206,WESTMINSTER,CO,80021,93.6,,
H111,0000108528,0000108529,GARRY STEINHOFF,23052 S 4360 RD,VINITA,OK,74301,"STEINHOFF, GARRY",23052 S 4360 RD,VINITA,OK,74301,95.5,,
H112,0000109972,0000112708,COUNTY OF LEWIS & CLARK,316 N PARK AVE,HELENA,MT,59601,COUNTY OF LEWIS,351 NW NORTH ST,CHEHALIS,WA,98532,85.8,,
H113,0000112721,0000119409,"ALLIED WASTE TRANSPORTATION, INC.",2217 E 13TH ST,YUMA,AZ,85365,"ALLIED WASTE TRANSPORTATION, INC.",967 HANCOCK RD STE 141,BULLHEAD CITY,AZ,86442,93.9,,
H114,0000109990,0000115532,THE RESEARCH FOUNDATION FOR THE STATE UN,1 FORESTRY DR,SYRACUSE,NY,13210,THE RESEARCH FOUNDATION FOR THE STATE UN,350 NEW CAMPUS DR,BROCKPORT,NY,14420,93.3,,
H115,0000117107,0000117543,UNIVERSITY OF HAWAII,2444 DOLE ST # 202,HONOLULU,HI,96822,UNIVERSITY OF HAWAII,3-1901 KAUMUALII HWY,LIHUE,HI,96766,92.2,,
H116,0000102311,0000105719,STANTEC CONSULTING SERVICES INC,1687 114TH AVE SE STE 100,BELLEVUE,WA,98004,STANTEC CONSULTING SERVICES INC.,370 INTERLOCKEN BLVD STE 300,BROOMFIELD,CO,80021,94.5,,
H117,0000109989,0000111886,RESEARCH FOUNDATION FOR THE STATE UNIVER,1 FORESTRY DR,SYRACUSE,NY,13210,RESEARCH FOUNDATION FOR THE STATE UNIVER,1400 WASHINGTON AVE,ALBANY,NY,12222,93.1,,
H118,0000102312,0000105720,STANTEC CONSULTING SERVICES INC.,2353 130TH AVE NE STE 200,BELLEVUE,WA,98005,STANTEC CONSULTING SERVICES INC.,410 17TH ST STE 1400,DENVER,CO,80202,94.9,,
H119,0000106958,0000106959,"LOTUS USA, INC.",445 S FIGUEROA ST 31ST FLOOR,LOS ANGELES,CA,90071,"LOTUSUSA, INC.",355 S GRAND AVE STE 2450,LOS ANGELES,CA,90071,90.9,,
H120,0000111250,0000117277,AT&T CORP.,3033 CHAIN BRIDGE RD,OAKTON,VA,22185,"AT&T CORP.,",2315 SALEM RD SE,CONYERS,GA,30013,93.9,,
H121,0000102875,0000119694,TELIDA VILLAGE,PO BOX 9104,NIKOLAI,AK,99691,NAKNEK NATIVE VILLAGE COUNCIL,PO BOX 106,NAKNEK,AK,99633,85.5,,
H122,0000100346,0000119824,"TRAINING RESOURCES GROUP, INC.",4301 WILSON BLVD STE 400,ARLINGTON,VA,22203,"CLANGO, INC.",2107 WILSON BLVD,ARLINGTON,VA,22201,85.1,,
H123,0000104171,0000104172,"SUNDANCE CONSULTANTS, LLC",333 S MAIN ST STE 20,POCATELLO,ID,83204,"SUNDANCE CONSULTING, INC.",305 N 3RD AVE SUITE B,POCATELLO,ID,83201,78.4,,
H124,0000102875,0000112359,TELIDA VILLAGE,PO BOX 9104,NIKOLAI,AK,99691,NATIVE VILLAGE OF NUNAPITCHUK,PO BOX 130,NUNAPITCHUK,AK,99641,85.5,,
H125,0000107881,0000109622,NATIVE VILLAGE OF EEK,PO BOX 89,EEK,AK,99578,NATIVE VILLAGE OF EAGLE,PO BOX 19,EAGLE,AK,99738,90.7,,
H126,0000108273,0000108274,COMMDEX CONSULTING LLC,655 ENGINEERING DR STE 100,NORCROSS,GA,30092,COMMDEX LLC,2400 HERODIAN WAY SE,SMYRNA,GA,30080,81.3,,
H127,0000102311,0000116895,STANTEC CONSULTING SERVICES INC,1687 114TH AVE SE STE 100,BELLEVUE,WA,98004,STANTEC CONSULTING SERVICES INC.,3301 C ST STE 1900,SACRAMENTO,CA,95816,95.6,,
H128,0000108294,0000108295,"BLOOMBERG INDUSTRY GROUP, INC.","1801, SOUTH BELL STREET",ARLINGTON,VA,22202,"BUREAU OF NATIONAL AFFAIRS, INC., THE",1801 S BELL ST,ARLINGTON,VA,22202,44.1,,
H129,0000100931,0000102788,ANVIK VILLAGE,PO BOX 10,ANVIK,AK,99558,CHIGNIK LAGOON VILLAGE COUNCIL,PO BOX 09,CHIGNIK LAGOON,AK,99565,85.8,,
H130,0000105112,0000108420,UNIFIRST CORPORATION,2744 LEXINGTON AVE,KENNER,LA,70062,UNIFIRST CORP,568 PARKSON RD,HENDERSON,NV,89011,92.5,,
H131,0000107322,0000108829,WESTERN WATER CONSULTANTS INC,1275 MAPLE ST STE F,HELENA,MT,59601,"WESTERN WATER CONSULTANTS, INC.",1849 TERRA AVE,SHERIDAN,WY,82801,94.2,,
H132,0000109690,0000112208,THE RESEARCH FOUNDATION FOR THE STATE UN,520 LEE ENTRANCE STE 211,BUFFALO,NY,14228,THE RESEARCH FOUNDATION FOR THE STATE UN,4400 VESTAL PKWY E,BINGHAMTON,NY,13902,93.3,,
H133,0000116170,0000117543,UNIVERSITY OF HAWAII,91-1001 FARRINGTON HWY,KAPOLEI,HI,96707,UNIVERSITY OF HAWAII,3-1901 KAUMUALII HWY,LIHUE,HI,96766,95.2,,
H134,0000107903,0000107904,"REGENTS OF THE UNIVERSITY OF CALIFORNIA,",1111 FRANKLIN ST FL 6,OAKLAND,CA,94607,UNIVERSITY OF CALIFORNIA OFFICE OF THE P,1111 FRANKLIN ST,OAKLAND,CA,94607,84.8,,
H135,0000101412,0000102483,"SUMMIT, COUNTY OF",538 E SOUTH ST,AKRON,OH,44311,"SUMMIT, COUNTY OF",53 UNIVERSITY AVE FL 4,AKRON,OH,44308,95.0,,
H136,0000113307,0000113308,SPOKANE TRIBE OF INDIANS,6195 FORD WELLPINIT RD,WELLPINIT,WA,99040,SPOKANE TRIBE OF THE SPOKANE RESERVATION,6195 FORD WELLPINIT RD,WELLPINIT,WA,99040,87.0,,
H137,0000108536,0000110640,"EXCELLA, LLC",2300 WILSON BLVD STE 743,ARLINGTON,VA,22201,"DAVID T. SCOTT & ASSOCIATES, LLC",3033 WILSON BLVD,ARLINGTON,VA,22201,85.1,,
H138,0000106777,0000111144,"PAPE' MACHINERY, INC.",9135 HIGHWAY 97 S,KLAMATH FALLS,OR,97603,"PAPE' MACHINERY, INC.",2700 136TH AVENUE CT E,SUMNER,WA,98390,93.8,,
H139,0000103274,0000111070,"INDIAN AFFAIRS, BUREAU OF",E HWY 160 NAVAJO RTE 59,KAYENTA,AZ,86033,"INDIAN AFFAIRS, BUREAU OF",NAVAJO ROUTE #4,PINON,AZ,86510,96.0,,
H140,0000100317,0000100318,PULIKLA TRIBE OF YUROK PEOPLE,158 KLAMATH BEACH RD,KLAMATH,CA,95548,RESIGHINI RANCHERIA,158 KLAMATH BEACH RD,KLAMATH,CA,95548,34.3,,
H141,0000100300,0000115968,MURPHY TRACTOR & EQUIPMENT CO INC,325 S US HIGHWAY 281,GREAT BEND,KS,67530,"MURPHY TRACTOR & EQUIPMENT CO., INC.",1550 INDUSTRIAL PKWY,BRUNSWICK,OH,44212,92.8,,
H142,0000108679,0000117564,"THE HILLER COMPANIES, LLC",3751 JOY SPRINGS DR,MOBILE,AL,36693,"THE HILLER COMPANIES, LLC",3107 W VIRGINIA AVE,PHOENIX,AZ,85009,93.7,,
H143,0000108105,0000110788,"HDR ENGINEERING, INC.",1670 BROADWAY STE 3400,DENVER,CO,80202,"HDR ENGINEERING, INC.",412 E. PARKCENTER BLVD. SUITE 100,BOISE,ID,83706,94.7,,
H144,0000112335,0000112337,CONFEDERATED TRIBES OF COLVILLE RESERVAT,21 COLVILLE ST,NESPELEM,WA,99155,CONFEDERATED TRIBES OF THE COLVILLE RESE,P.. BOX 150,NESPELEM,WA,99155,84.5,,
H145,0000109370,0000112819,"S.P. CRAMER & ASSOCIATES, INC.",7525 NE AMBASSADOR PL STE C,PORTLAND,OR,97220,"S.P. CRAMER & ASSOCIATES, INC.",3300 INDUSTRIAL BLVD STE 100,WEST SACRAMENTO,CA,95691,93.6,,
H146,0000110586,0000118879,"WASTE MANAGEMENT OF ARIZONA, INC.",5200 W INA RD,TUCSON,AZ,85743,"WASTE MANAGEMENT OF ARIZONA, INC.",2508 S FLAGSTAFF RANCH RD,FLAGSTAFF,AZ,86001,94.2,,
H147,0000101956,0000108214,"NAVAJO NATION TRIBAL GOVERNMENT, THE",WINDOW ROCK BLVD BLDG NO W008 105,WINDOW ROCK,AZ,86515,THE NAVAJO NATION TRIBAL GOVERNMENT,2 MILES N OF HWY 264,WINDOW ROCK,AZ,86515,92.6,,
H148,0000102855,0000115821,"HAROLD LEMAY ENTERPRISES, INCORPORATED",4201 OLYMPIC HWY,ABERDEEN,WA,98520,"HAROLD LEMAY ENTERPRISES, INCORPORATED",4111 192ND ST E,TACOMA,WA,98446,92.6,,
H149,0000118386,0000118387,"HSQ TECH, INC.",26227 RESEARCH PL,HAYWARD,CA,94545,HSQ TECHNOLOGY A CORP,26227 RESEARCH PL,HAYWARD,CA,94545,87.0,,
H150,0000101780,0000117079,RESEARCH FOUNDATION FOR THE STATE UNIVER,106 SUFFOLK CIR ROOM 128A,COBLESKILL,NY,12043,THE RESEARCH FOUNDATION FOR THE STATE UN,1300 ELMWOOD AVE,BUFFALO,NY,14222,88.9,,
