pair_id,LIFNR_A,LIFNR_B,stratum,uei_label
H001,0000113656,0000116233,related_above_threshold,related
H002,0000110508,0000110510,missed_true_pair,match
H003,0000112358,0000112361,missed_true_pair,match
H004,0000114101,0000114102,missed_true_pair,match
H005,0000111070,0000114380,same_name_different_uei,non_match
H006,0000105210,0000111066,same_name_different_uei,non_match
H007,0000106069,0000109907,near_threshold,non_match
H008,0000106056,0000107610,near_threshold,related
H009,0000110548,0000110549,missed_true_pair,match
H010,0000110905,0000110906,missed_true_pair,match
H011,0000101193,0000104156,near_threshold,non_match
H012,0000117549,0000117550,missed_true_pair,match
H013,0000100786,0000108327,related_above_threshold,related
H014,0000100001,0000107081,same_name_different_uei,non_match
H015,0000102222,0000103825,related_above_threshold,related
H016,0000108503,0000116323,near_threshold,non_match
H017,0000102906,0000107444,related_above_threshold,related
H018,0000116170,0000117107,same_name_different_uei,non_match
H019,0000104178,0000111420,near_threshold,related
H020,0000109933,0000116998,near_threshold,non_match
H021,0000108277,0000108278,missed_true_pair,match
H022,0000113294,0000113296,missed_true_pair,match
H023,0000106099,0000106100,missed_true_pair,match
H024,0000100657,0000100658,missed_true_pair,match
H025,0000109385,0000117794,near_threshold,non_match
H026,0000117386,0000118866,near_threshold,non_match
H027,0000105089,0000114723,near_threshold,non_match
H028,0000109659,0000113608,near_threshold,non_match
H029,0000104828,0000118849,near_threshold,non_match
H030,0000118172,0000118174,missed_true_pair,match
H031,0000101954,0000108212,related_above_threshold,related
H032,0000102906,0000107445,related_above_threshold,related
H033,0000102312,0000105718,same_name_different_uei,related
H034,0000112270,0000112271,near_threshold,match
H035,0000103325,0000118364,same_name_different_uei,non_match
H036,0000100265,0000100266,missed_true_pair,match
H037,0000107027,0000112732,same_name_different_uei,non_match
H038,0000105505,0000118360,same_name_different_uei,related
H039,0000101121,0000113018,related_above_threshold,related
H040,0000108856,0000112280,near_threshold,non_match
H041,0000105213,0000105214,near_threshold,match
H042,0000101956,0000108213,related_above_threshold,related
H043,0000104778,0000117143,same_name_different_uei,non_match
H044,0000105119,0000112495,near_threshold,non_match
H045,0000112498,0000112499,missed_true_pair,match
H046,0000100852,0000100853,missed_true_pair,match
H047,0000109606,0000114037,same_name_different_uei,non_match
H048,0000102311,0000105720,related_above_threshold,related
H049,0000102477,0000109559,same_name_different_uei,non_match
H050,0000100940,0000116926,same_name_different_uei,non_match
H051,0000105316,0000119414,near_threshold,non_match
H052,0000112586,0000112587,missed_true_pair,match
H053,0000102395,0000106156,related_above_threshold,related
H054,0000105108,0000114598,same_name_different_uei,non_match
H055,0000117451,0000117453,missed_true_pair,match
H056,0000100264,0000100265,missed_true_pair,match
H057,0000104870,0000112388,near_threshold,non_match
H058,0000106988,0000106990,near_threshold,match
H059,0000115657,0000115658,missed_true_pair,match
H060,0000105614,0000108951,same_name_different_uei,non_match
H061,0000105295,0000119477,near_threshold,non_match
H062,0000108778,0000111061,same_name_different_uei,related
H063,0000107545,0000110414,near_threshold,non_match
H064,0000105155,0000105156,near_threshold,match
H065,0000105016,0000114599,same_name_different_uei,non_match
H066,0000101925,0000101926,missed_true_pair,match
H067,0000100583,0000103128,near_threshold,non_match
H068,0000112111,0000114036,same_name_different_uei,non_match
H069,0000107233,0000107234,missed_true_pair,match
H070,0000113372,0000113373,near_threshold,match
H071,0000108119,0000115189,related_above_threshold,related
H072,0000101102,0000107027,same_name_different_uei,non_match
H073,0000106132,0000109102,near_threshold,non_match
H074,0000101806,0000105084,same_name_different_uei,non_match
H075,0000109591,0000110798,related_above_threshold,related
H076,0000103380,0000107610,related_above_threshold,related
H077,0000105084,0000109690,related_above_threshold,related
H078,0000112270,0000117107,same_name_different_uei,non_match
H079,0000100487,0000110872,near_threshold,non_match
H080,0000103535,0000108515,related_above_threshold,related
H081,0000108139,0000116398,near_threshold,non_match
H082,0000106448,0000113543,near_threshold,non_match
H083,0000106486,0000109111,related_above_threshold,related
H084,0000110599,0000117679,near_threshold,non_match
H085,0000109990,0000112208,same_name_different_uei,non_match
H086,0000108283,0000114784,near_threshold,non_match
H087,0000101806,0000111886,near_threshold,non_match
H088,0000111290,0000111505,same_name_different_uei,related
H089,0000103699,0000103700,missed_true_pair,match
H090,0000118691,0000118692,missed_true_pair,match
H091,0000108871,0000110414,near_threshold,non_match
H092,0000118685,0000118686,missed_true_pair,match
H093,0000102758,0000112389,near_threshold,non_match
H094,0000102424,0000103274,same_name_different_uei,non_match
H095,0000102030,0000102031,missed_true_pair,match
H096,0000109379,0000117631,near_threshold,non_match
H097,0000110712,0000111518,near_threshold,non_match
H098,0000117534,0000118889,same_name_different_uei,non_match
H099,0000106487,0000109111,same_name_different_uei,non_match
H100,0000100866,0000105827,related_above_threshold,related
H101,0000109123,0000109124,missed_true_pair,match
H102,0000100695,0000100697,missed_true_pair,match
H103,0000110959,0000111252,same_name_different_uei,related
H104,0000101805,0000117774,same_name_different_uei,non_match
H105,0000108191,0000108192,missed_true_pair,match
H106,0000106156,0000114294,same_name_different_uei,related
H107,0000112188,0000118165,related_above_threshold,related
H108,0000105139,0000115918,same_name_different_uei,non_match
H109,0000109231,0000109232,near_threshold,match
H110,0000102050,0000107080,same_name_different_uei,non_match
H111,0000108528,0000108529,near_threshold,match
H112,0000109972,0000112708,near_threshold,non_match
H113,0000112721,0000119409,related_above_threshold,related
H114,0000109990,0000115532,same_name_different_uei,non_match
H115,0000117107,0000117543,same_name_different_uei,non_match
H116,0000102311,0000105719,related_above_threshold,related
H117,0000109989,0000111886,same_name_different_uei,non_match
H118,0000102312,0000105720,same_name_different_uei,related
H119,0000106958,0000106959,missed_true_pair,match
H120,0000111250,0000117277,same_name_different_uei,related
H121,0000102875,0000119694,near_threshold,non_match
H122,0000100346,0000119824,near_threshold,non_match
H123,0000104171,0000104172,missed_true_pair,match
H124,0000102875,0000112359,near_threshold,non_match
H125,0000107881,0000109622,near_threshold,non_match
H126,0000108273,0000108274,missed_true_pair,match
H127,0000102311,0000116895,related_above_threshold,related
H128,0000108294,0000108295,missed_true_pair,match
H129,0000100931,0000102788,near_threshold,non_match
H130,0000105112,0000108420,related_above_threshold,related
H131,0000107322,0000108829,same_name_different_uei,non_match
H132,0000109690,0000112208,same_name_different_uei,non_match
H133,0000116170,0000117543,same_name_different_uei,non_match
H134,0000107903,0000107904,missed_true_pair,match
H135,0000101412,0000102483,same_name_different_uei,non_match
H136,0000113307,0000113308,missed_true_pair,match
H137,0000108536,0000110640,near_threshold,non_match
H138,0000106777,0000111144,same_name_different_uei,non_match
H139,0000103274,0000111070,same_name_different_uei,non_match
H140,0000100317,0000100318,missed_true_pair,match
H141,0000100300,0000115968,same_name_different_uei,non_match
H142,0000108679,0000117564,same_name_different_uei,non_match
H143,0000108105,0000110788,same_name_different_uei,related
H144,0000112335,0000112337,missed_true_pair,match
H145,0000109370,0000112819,same_name_different_uei,non_match
H146,0000110586,0000118879,related_above_threshold,related
H147,0000101956,0000108214,related_above_threshold,related
H148,0000102855,0000115821,related_above_threshold,related
H149,0000118386,0000118387,near_threshold,match
H150,0000101780,0000117079,near_threshold,non_match
