LIFNR_A,LIFNR_B,name_score,address_score,score,name_A,address_A,city_A,state_A,zip5_A,name_B,address_B,city_B,state_B,zip5_B
0000100043,0000115821,100.0,100.0,100.0,"HAROLD LEMAY ENTERPRISES, INCORPORATED",4111 192ND ST E,TACOMA,WA,98446,"HAROLD LEMAY ENTERPRISES, INCORPORATED",4111 192ND ST E,TACOMA,WA,98446
0000101238,0000102970,100.0,100.0,100.0,"MARTINEZ SERVICES, INC",100 PARNELL ST STE E,MERRITT ISLAND,FL,32953,"MARTINEZ SERVICES, INC.",100 PARNELL ST,MERRITT ISLAND,FL,32953
0000101238,0000102971,100.0,100.0,100.0,"MARTINEZ SERVICES, INC",100 PARNELL ST STE E,MERRITT ISLAND,FL,32953,"MARTINEZ SERVICES, INC.",100 PARNELL ST STE E,MERRITT ISLAND,FL,32953
0000102378,0000110335,100.0,100.0,100.0,"CENTURYLINK COMMUNICATIONS, LLC",931 14TH ST,DENVER,CO,80202,"CENTURYLINK COMMUNICATIONS, LLC",931 14TH ST STE 1000B,DENVER,CO,80202
0000102477,0000116233,100.0,100.0,100.0,"LEIDOS, INC.",1750 PRESIDENTS ST.,RESTON,VA,20190,"LEIDOS, INC.",1750 PRESIDENTS ST,RESTON,VA,20190
0000102478,0000116233,100.0,100.0,100.0,"LEIDOS, INC.",1750 PRESIDENTS ST FL 6,RESTON,VA,20190,"LEIDOS, INC.",1750 PRESIDENTS ST,RESTON,VA,20190
0000103886,0000118851,100.0,100.0,100.0,NOORVIK NATIVE COMMUNITY,PO BOX 209,NOORVIK,AK,99763,NOORVIK NATIVE COMMUNITY,PO BOX 209,NOORVIK,AK,99763
0000104187,0000118636,100.0,100.0,100.0,"DISTRICT OF COLUMBIA, GOVERNMENT OF",899 N CAPITOL ST NE STE 7100,WASHINGTON,DC,20002,"DISTRICT OF COLUMBIA, GOVERNMENT OF",899 NORTH CAPITOL ST NE,WASHINGTON,DC,20002
0000107184,0000116819,100.0,100.0,100.0,"DENVER, CITY & COUNTY OF",201 W COLFAX AVE FL 7,DENVER,CO,80202,"DENVER, CITY & COUNTY OF",201 W COLFAX AVE,DENVER,CO,80202
0000109605,0000114036,100.0,100.0,100.0,"LUMEN TECHNOLOGIES GOVERNMENT SOLUTIONS,",931 14TH ST 1000B,DENVER,CO,80202,"LUMEN TECHNOLOGIES GOVERNMENT SOLUTIONS,",931 14TH ST,DENVER,CO,80202
