threshold,tp,fp,precision,recall,f1,method
40,1490,241308,0.006136788606166443,0.9900332225913622,0.012197967278338785,WRatio (chosen)
41,1490,221576,0.0066796374167286815,0.9900332225913622,0.013269745425722823,WRatio (chosen)
42,1488,203692,0.007252168827371089,0.988704318936877,0.014398722693954568,WRatio (chosen)
43,1486,188120,0.007837304726643672,0.987375415282392,0.015551171832076648,WRatio (chosen)
44,1485,174059,0.008459417581916784,0.9867109634551495,0.01677501708566555,WRatio (chosen)
45,1484,161443,0.009108373688829966,0.986046511627907,0.018050014595699135,WRatio (chosen)
46,1483,151119,0.009718090195410282,0.9853820598006644,0.019246367783423205,WRatio (chosen)
47,1483,142144,0.010325356652997,0.9853820598006644,0.020436568089738996,WRatio (chosen)
48,1482,134358,0.010909893992932863,0.9847176079734219,0.021580690960719358,WRatio (chosen)
49,1480,127479,0.011476515791840818,0.9833887043189369,0.022688251165072358,WRatio (chosen)
50,1480,121470,0.012037413582757218,0.9833887043189369,0.023783696918564943,WRatio (chosen)
51,1477,116156,0.012556000442052826,0.9813953488372092,0.02479477580620793,WRatio (chosen)
52,1475,111635,0.013040403147378659,0.9800664451827242,0.025738341403830214,WRatio (chosen)
53,1475,107661,0.013515247031227093,0.9800664451827242,0.026662810350593362,WRatio (chosen)
54,1474,104108,0.013960713000322025,0.9794019933554817,0.027529018461624664,WRatio (chosen)
55,1472,100595,0.014421899340629195,0.9780730897009967,0.028424670760437185,WRatio (chosen)
56,1470,97281,0.0148859252058207,0.9767441860465116,0.029324928183849346,WRatio (chosen)
57,1470,94180,0.015368531102979614,0.9767441860465116,0.030260923266944573,WRatio (chosen)
58,1470,91077,0.015883821193555706,0.9767441860465116,0.03125930336409646,WRatio (chosen)
59,1469,88213,0.01638009857050467,0.9760797342192691,0.03221950497329663,WRatio (chosen)
60,1466,85471,0.016862785695388616,0.9740863787375416,0.03315167002103074,WRatio (chosen)
61,1464,82604,0.01741447399724033,0.9727574750830564,0.0342164000327206,WRatio (chosen)
62,1459,79806,0.017953608564572694,0.9694352159468439,0.03525431919777697,WRatio (chosen)
63,1457,77152,0.01853477337200575,0.9681063122923588,0.03637316823526475,WRatio (chosen)
64,1457,74475,0.019188221039877787,0.9681063122923588,0.03763059002802278,WRatio (chosen)
65,1454,72207,0.019739074951466856,0.9661129568106313,0.03868770454726871,WRatio (chosen)
66,1454,70004,0.020347616781885864,0.9661129568106313,0.03985581733207242,WRatio (chosen)
67,1451,67751,0.020967602092425073,0.9641196013289036,0.0410426124711839,WRatio (chosen)
68,1450,65575,0.0216337187616561,0.9634551495016611,0.04231723332846929,WRatio (chosen)
69,1448,63646,0.022244753740744156,0.9621262458471761,0.04348413639844442,WRatio (chosen)
70,1448,61999,0.022822198055069586,0.9621262458471761,0.0445867717699224,WRatio (chosen)
71,1448,60289,0.023454330466332992,0.9621262458471761,0.04579235318301129,WRatio (chosen)
72,1446,58803,0.02400039834686053,0.9607973421926911,0.04683097451177252,WRatio (chosen)
73,1444,57618,0.024448884223358506,0.959468438538206,0.04768273152046494,WRatio (chosen)
74,1441,56697,0.02478585434655475,0.9574750830564784,0.048320842345287794,WRatio (chosen)
75,1440,55953,0.0250901677904971,0.9568106312292359,0.04889809501171517,WRatio (chosen)
76,1438,55282,0.025352609308885755,0.9554817275747508,0.049394589952769435,WRatio (chosen)
77,1435,54699,0.025563829408201802,0.9534883720930233,0.04979267509845764,WRatio (chosen)
78,1434,54211,0.02577050947973762,0.9528239202657808,0.05018372703412073,WRatio (chosen)
79,1429,52070,0.026710779640740947,0.9495016611295681,0.051959857464911635,WRatio (chosen)
80,1424,39272,0.03499115392176135,0.9461794019933555,0.06748655245136372,WRatio (chosen)
81,1413,18296,0.07169313511593688,0.9388704318936877,0.13321391533892715,WRatio (chosen)
82,1407,6453,0.17900763358778626,0.9348837209302325,0.30048051254671654,WRatio (chosen)
83,1402,2807,0.33309574720836305,0.9315614617940199,0.4907245362268114,WRatio (chosen)
84,1395,1866,0.42778288868445263,0.9269102990033222,0.5853965589592951,WRatio (chosen)
85,1387,1177,0.5409516380655226,0.9215946843853821,0.6817399852543622,WRatio (chosen)
86,1382,754,0.647003745318352,0.9182724252491694,0.7591321065641308,WRatio (chosen)
87,1345,499,0.7293926247288504,0.893687707641196,0.8032248432367871,WRatio (chosen)
88,1335,481,0.7351321585903083,0.8870431893687708,0.8039747064137308,WRatio (chosen)
89,1325,420,0.7593123209169055,0.8803986710963455,0.8153846153846153,WRatio (chosen)
90,1317,392,0.7706260971328263,0.8750830564784053,0.8195395146235221,WRatio (chosen)
91,1301,372,0.7776449491930664,0.8644518272425249,0.8187539332913782,WRatio (chosen)
92,1259,358,0.7786023500309215,0.8365448504983388,0.806534272901986,WRatio (chosen)
93,1146,280,0.8036465638148668,0.7614617940199335,0.781985670419652,WRatio (chosen)
94,984,141,0.8746666666666667,0.6538205980066445,0.7482889733840303,WRatio (chosen)
95,874,65,0.9307774227902024,0.5807308970099668,0.7152209492635024,WRatio (chosen)
96,745,24,0.9687906371911573,0.4950166112956811,0.6552330694810906,WRatio (chosen)
97,723,19,0.9743935309973046,0.48039867109634554,0.643524699599466,WRatio (chosen)
98,686,16,0.9772079772079773,0.4558139534883721,0.6216583597643861,WRatio (chosen)
99,615,14,0.9777424483306836,0.40863787375415284,0.5763823805060918,WRatio (chosen)
100,532,13,0.9761467889908257,0.35348837209302325,0.5190243902439025,WRatio (chosen)
40,1482,177600,0.008275538580091802,0.9847176079734219,0.016413141588264936,token_set_ratio (baseline)
41,1482,163700,0.008971921880108003,0.9847176079734219,0.01778183061666477,token_set_ratio (baseline)
42,1482,150850,0.009728750361053489,0.9847176079734219,0.019267146395210516,token_set_ratio (baseline)
43,1480,139204,0.010520030707116658,0.9833887043189369,0.020817362805842926,token_set_ratio (baseline)
44,1479,128743,0.011357527913870161,0.9827242524916944,0.022455533034229886,token_set_ratio (baseline)
45,1478,118797,0.01228850550821035,0.9820598006644519,0.024273279684677285,token_set_ratio (baseline)
46,1478,109660,0.01329878169482985,0.9820598006644519,0.026242198805074436,token_set_ratio (baseline)
47,1478,101920,0.014294280353585176,0.9820598006644519,0.028178412438157156,token_set_ratio (baseline)
48,1477,94968,0.015314427912281612,0.9813953488372092,0.030158244002041857,token_set_ratio (baseline)
49,1476,88552,0.016394899364642113,0.9807308970099667,0.0322506636950608,token_set_ratio (baseline)
50,1476,82788,0.017516377100541155,0.9807308970099667,0.03441802982429549,token_set_ratio (baseline)
51,1475,77756,0.01861645063169719,0.9800664451827242,0.0365388426476417,token_set_ratio (baseline)
52,1473,73070,0.019760406745100143,0.9787375415282392,0.038738691352829785,token_set_ratio (baseline)
53,1471,68594,0.02099479055163063,0.9774086378737542,0.041106608914349585,token_set_ratio (baseline)
54,1471,64689,0.02223397823458283,0.9774086378737542,0.043478903421266535,token_set_ratio (baseline)
55,1470,61235,0.023443106610318155,0.9767441860465116,0.04578726055131599,token_set_ratio (baseline)
56,1468,57991,0.024689281689903968,0.9754152823920266,0.048159569582048416,token_set_ratio (baseline)
57,1468,54664,0.02615264020523053,0.9754152823920266,0.050939500667973696,token_set_ratio (baseline)
58,1467,51047,0.027935407700803595,0.9747508305647841,0.05431422277346859,token_set_ratio (baseline)
59,1464,47596,0.02984101100693029,0.9727574750830564,0.057905665974488284,token_set_ratio (baseline)
60,1463,44462,0.0318562874251497,0.9720930232558139,0.061690912924309504,token_set_ratio (baseline)
61,1461,41238,0.03421625799199045,0.9707641196013289,0.06610261514795042,token_set_ratio (baseline)
62,1458,38366,0.03661108879067899,0.9687707641196013,0.0705557840741368,token_set_ratio (baseline)
63,1454,35417,0.03943478614629384,0.9661129568106313,0.07577652699603919,token_set_ratio (baseline)
64,1452,31976,0.043436639942563124,0.9647840531561461,0.08313056422294107,token_set_ratio (baseline)
65,1447,29295,0.04706915620323987,0.9614617940199336,0.08974478246038392,token_set_ratio (baseline)
66,1447,26447,0.05187495518749552,0.9614617940199336,0.098438722405524,token_set_ratio (baseline)
67,1442,23743,0.05725630335517173,0.958139534883721,0.10805545147995506,token_set_ratio (baseline)
68,1439,21294,0.06330004838780627,0.9561461794019933,0.11873916989850648,token_set_ratio (baseline)
69,1437,18957,0.07046190055898793,0.9548172757475083,0.13123886935476506,token_set_ratio (baseline)
70,1437,16753,0.07899945024738868,0.9548172757475083,0.14592536176694593,token_set_ratio (baseline)
71,1434,14336,0.09093214965123653,0.9528239202657808,0.16602026049204055,token_set_ratio (baseline)
72,1432,12305,0.10424401252092888,0.9514950166112957,0.18790185015089883,token_set_ratio (baseline)
73,1431,10524,0.11969887076537014,0.9508305647840531,0.21263001485884103,token_set_ratio (baseline)
74,1429,8807,0.13960531457600625,0.9495016611295681,0.2434204922919683,token_set_ratio (baseline)
75,1424,7037,0.1683016191939487,0.9461794019933555,0.2857716235199679,token_set_ratio (baseline)
76,1422,5689,0.19997187456054,0.9448504983388705,0.33008356545961004,token_set_ratio (baseline)
77,1420,4715,0.23145884270578648,0.9435215946843853,0.37172774869109954,token_set_ratio (baseline)
78,1418,3894,0.26694277108433734,0.9421926910299003,0.4160187765879419,token_set_ratio (baseline)
79,1415,3255,0.3029978586723769,0.9401993355481728,0.4582995951417004,token_set_ratio (baseline)
80,1414,2643,0.3485333990633473,0.9395348837209302,0.5084501977705861,token_set_ratio (baseline)
81,1410,2135,0.39774330042313116,0.9368770764119602,0.5584158415841585,token_set_ratio (baseline)
82,1408,1774,0.4424890006285355,0.935548172757475,0.6008107531470024,token_set_ratio (baseline)
83,1395,1383,0.5021598272138229,0.9269102990033222,0.6514125612888163,token_set_ratio (baseline)
84,1392,1129,0.5521618405394685,0.9249169435215947,0.69150521609538,token_set_ratio (baseline)
85,1384,938,0.5960378983634798,0.9196013289036545,0.7232819440815261,token_set_ratio (baseline)
86,1380,835,0.6230248306997742,0.9169435215946844,0.7419354838709679,token_set_ratio (baseline)
87,1371,734,0.6513064133016627,0.9109634551495016,0.759556786703601,token_set_ratio (baseline)
88,1361,691,0.6632553606237817,0.9043189368770764,0.7652516165307843,token_set_ratio (baseline)
89,1351,641,0.6782128514056225,0.8976744186046511,0.7726622819559622,token_set_ratio (baseline)
90,1340,603,0.6896551724137931,0.8903654485049833,0.7772621809744779,token_set_ratio (baseline)
91,1327,585,0.6940376569037657,0.8817275747508305,0.7767047117354405,token_set_ratio (baseline)
92,1301,562,0.6983360171765969,0.8644518272425249,0.7725653206650831,token_set_ratio (baseline)
93,1178,432,0.7316770186335404,0.7827242524916943,0.7563402889245587,token_set_ratio (baseline)
94,1016,215,0.8253452477660439,0.6750830564784053,0.7426900584795322,token_set_ratio (baseline)
95,898,97,0.9025125628140703,0.5966777408637873,0.7184,token_set_ratio (baseline)
96,833,55,0.9380630630630631,0.5534883720930233,0.6961972419557042,token_set_ratio (baseline)
97,811,49,0.9430232558139535,0.5388704318936877,0.6858350951374207,token_set_ratio (baseline)
98,780,43,0.9477521263669502,0.5182724252491694,0.6701030927835052,token_set_ratio (baseline)
99,705,36,0.951417004048583,0.4684385382059801,0.6277827248441674,token_set_ratio (baseline)
100,616,32,0.9506172839506173,0.40930232558139534,0.5722248026010218,token_set_ratio (baseline)
